name,rt.min,rt.max,mz,number.of.labels,mz.tol,label,l1.mz,l2.mz,l3.mz,l4.mz
A,5.1,5.4,90.05495447,1,0.004,N,91.05198947,,,
R,16.5,17.06,175.1189517,4,0.004,N,176.1159866,177.1130215,178.1100564,179.1070913
D,9,9.65,134.0447837,1,0.004,N,135.0418186,,,
C,5.3,5.6,122.0270252,1,0.004,N,123.0240601,,,
E,7.6,7.95,148.0604338,1,0.004,N,149.0574687,,,
Q,7.4,7.72,147.0764182,2,0.004,N,148.0734531,149.0807291,,
G,6.6,6.9,76.03930441,1,0.004,N,77.0363393,,,
H,16.78,17.4,156.0767525,3,0.004,N,157.0737874,158.0810634,159.0883394,
I,2.98,3.1,132.1019047,1,0.004,N,133.0989396,,,
L,2.82,3.2,132.1019047,1,0.004,N,133.0989396,,,
K,17,17.42,147.1128037,2,0.004,N,148.1098386,149.1171146,,
M,3.62,3.82,150.0583253,1,0.004,N,151.0553602,,,
F,3.08,3.24,166.0862546,1,0.004,N,167.0832895,,,
P,4.26,4.5,116.0706045,1,0.004,N,117.0676394,,,
S,8.5,8.82,106.0498691,1,0.004,N,107.046904,,,
T,6.45,6.7,120.0655192,1,0.004,N,121.0625541,,,
W,3.42,3.56,205.0971536,2,0.004,N,206.0941885,207.1014645,,
Y,3.42,3.58,182.0811692,1,0.004,N,183.0782041,,,
V,3.45,3.78,118.0862546,1,0.004,N,119.0832895,,,
