"file_name","base","label","r2","slope"
"DL0_2.mzXML","H","H+1N",NA,0
"DL0_2.mzXML","H","H+2N",0.0119939275820667,0.075793545218773
"DL0_2.mzXML","H","H+3N",0.00469773041313775,-0.0302764245226637
