"File","Base Amino","Label Name","R-Squared","Regression Slope","Set","Time"
"DL0_1.mzXML","A","A+1N",0.984158711882493,57.8429466889114,1,0
"DL1_1.mzXML","A","A+1N",0.998451594576875,0.992525494156158,1,1
"DL2_1.mzXML","A","A+1N",0.997366541268743,0.687679030327956,1,2
"DL4_1.mzXML","A","A+1N",0.994099478600065,0.333761165490749,1,4
